<?xml version="1.0" encoding="UTF-8"?>
<project-private xmlns="http://www.netbeans.org/ns/project-private/1">
    <editor-bookmarks xmlns="http://www.netbeans.org/ns/editor-bookmarks/2" lastBookmarkId="0"/>
    <open-files xmlns="http://www.netbeans.org/ns/projectui-open-files/2">
        <group>
            <file>file:/C:/Users/Charlie/Documents/NetBeansProjects/Project1Dom/src/project1dom/DomManager.java</file>
            <file>file:/C:/Users/Charlie/Documents/NetBeansProjects/Project1Dom/src/project1dom/FinalTableModel.java</file>
            <file>file:/C:/Users/Charlie/Documents/NetBeansProjects/Project1Dom/src/project1dom/CD.java</file>
            <file>file:/C:/Users/Charlie/Documents/NetBeansProjects/Project1Dom/src/project1dom/CDFrame.java</file>
            <file>file:/C:/Users/Charlie/Documents/NetBeansProjects/Project1Dom/src/project1dom/cd_catalog.xml</file>
        </group>
    </open-files>
</project-private>
